Run:Fill,LS,HLTpath,L1bit,HLTpresc,L1presc,Recorded(/ub),Effective(/ub)
202299:3033,68:68,HLT_ZeroBias_v7,L1_ZeroBias,150,9973,81672.2335706,0.0545955637358
202299:3033,69:69,HLT_ZeroBias_v7,L1_ZeroBias,150,9973,157233.056618,0.105105823468
202299:3033,70:70,HLT_ZeroBias_v7,L1_ZeroBias,150,9973,156002.022503,0.104282912198
202299:3033,71:71,HLT_ZeroBias_v7,L1_ZeroBias,150,9973,156749.437591,0.104782537913
202299:3033,72:72,HLT_ZeroBias_v7,L1_ZeroBias,150,9973,156196.464012,0.104412890813
202299:3033,73:73,HLT_ZeroBias_v7,L1_ZeroBias,150,9973,156601.02021,0.104683325118
202299:3033,74:74,HLT_ZeroBias_v7,L1_ZeroBias,150,9973,155316.174715,0.103824442472
202299:3033,75:75,HLT_ZeroBias_v7,L1_ZeroBias,150,9973,156866.347287,0.104860688717
202299:3033,76:76,HLT_ZeroBias_v7,L1_ZeroBias,150,9973,156535.974216,0.104639843722
202299:3033,77:77,HLT_ZeroBias_v7,L1_ZeroBias,150,9973,154758.534112,0.103451675598
202299:3033,78:78,HLT_ZeroBias_v7,L1_ZeroBias,150,9973,151820.873435,0.101487933042
202299:3033,79:79,HLT_ZeroBias_v7,L1_ZeroBias,150,9973,156486.241842,0.104606599045
202299:3033,80:80,HLT_ZeroBias_v7,L1_ZeroBias,150,9973,156909.806718,0.10488974011
202299:3033,81:81,HLT_ZeroBias_v7,L1_ZeroBias,150,9973,154429.324271,0.103231608189
202299:3033,82:82,HLT_ZeroBias_v7,L1_ZeroBias,150,9973,156721.353909,0.104763764771
202299:3033,83:83,HLT_ZeroBias_v7,L1_ZeroBias,150,9973,154371.421727,0.103192901987
202299:3033,84:84,HLT_ZeroBias_v7,L1_ZeroBias,150,9973,154934.310295,0.103569176974
202299:3033,87:87,HLT_ZeroBias_v7,L1_ZeroBias,150,9973,153012.689372,0.102284628077
202299:3033,88:88,HLT_ZeroBias_v7,L1_ZeroBias,150,9973,154210.795487,0.103085527917
202299:3033,89:89,HLT_ZeroBias_v7,L1_ZeroBias,150,9973,152866.180623,0.102186691148
202299:3033,90:90,HLT_ZeroBias_v7,L1_ZeroBias,150,9973,153505.864135,0.10261430137
202299:3033,91:91,HLT_ZeroBias_v7,L1_ZeroBias,150,9973,155170.101351,0.103726796585
202299:3033,92:92,HLT_ZeroBias_v7,L1_ZeroBias,150,9973,153411.407859,0.102551160038
202299:3033,93:93,HLT_ZeroBias_v7,L1_ZeroBias,150,9973,152347.042897,0.101839662353
202299:3033,94:94,HLT_ZeroBias_v7,L1_ZeroBias,150,9973,152252.119086,0.101776208487
202299:3033,95:95,HLT_ZeroBias_v7,L1_ZeroBias,150,9973,151554.132715,0.101309624462
202299:3033,96:96,HLT_ZeroBias_v7,L1_ZeroBias,150,9973,152084.042572,0.101663854121
202299:3033,97:97,HLT_ZeroBias_v7,L1_ZeroBias,150,9973,153263.222756,0.102452102514
202299:3033,98:98,HLT_ZeroBias_v7,L1_ZeroBias,150,9973,152668.671292,0.102054661782
202299:3033,99:99,HLT_ZeroBias_v7,L1_ZeroBias,150,9973,150895.66708,0.100869458926
202299:3033,100:100,HLT_ZeroBias_v7,L1_ZeroBias,150,9973,152220.026068,0.101754755218
202299:3033,101:101,HLT_ZeroBias_v7,L1_ZeroBias,150,9973,152817.746519,0.102154314328
202299:3033,102:102,HLT_ZeroBias_v7,L1_ZeroBias,150,9973,151065.357346,0.10098289204
202299:3033,103:103,HLT_ZeroBias_v7,L1_ZeroBias,150,9973,152746.640344,0.102106781874
202299:3033,104:104,HLT_ZeroBias_v7,L1_ZeroBias,150,9973,151893.924981,0.101536765922
202299:3033,105:105,HLT_ZeroBias_v7,L1_ZeroBias,150,9973,150828.690892,0.10082468725
202299:3033,106:106,HLT_ZeroBias_v7,L1_ZeroBias,150,9973,151349.092532,0.101172560936
202299:3033,107:107,HLT_ZeroBias_v7,L1_ZeroBias,150,9973,152494.841973,0.101938461829
202299:3033,108:108,HLT_ZeroBias_v7,L1_ZeroBias,150,9973,152518.041468,0.101953970031
202299:3033,109:109,HLT_ZeroBias_v7,L1_ZeroBias,150,9973,151828.745784,0.101493195484
202299:3033,110:110,HLT_ZeroBias_v7,L1_ZeroBias,150,9973,151224.44144,0.101089235228
202299:3033,111:111,HLT_ZeroBias_v7,L1_ZeroBias,150,9973,149282.085579,0.0997908256151
202299:3033,112:112,HLT_ZeroBias_v7,L1_ZeroBias,150,9973,150488.624915,0.100597362823
202299:3033,113:113,HLT_ZeroBias_v7,L1_ZeroBias,150,9973,149071.191457,0.0996498488969
202299:3033,114:114,HLT_ZeroBias_v7,L1_ZeroBias,150,9973,150773.187579,0.100787584865
202299:3033,115:115,HLT_ZeroBias_v7,L1_ZeroBias,150,9973,150071.581221,0.100318580983
202299:3033,116:116,HLT_ZeroBias_v7,L1_ZeroBias,150,9973,150610.270852,0.10067867967
202299:3033,117:117,HLT_ZeroBias_v7,L1_ZeroBias,150,9973,148562.283832,0.099309658633
202299:3033,118:118,HLT_ZeroBias_v7,L1_ZeroBias,150,9973,149073.990222,0.0996517197917
202299:3033,119:119,HLT_ZeroBias_v7,L1_ZeroBias,150,9973,139570.452062,0.0932988750039
202299:3033,120:120,HLT_ZeroBias_v7,L1_ZeroBias,150,9973,149043.159109,0.0996311100699
202299:3033,121:121,HLT_ZeroBias_v7,L1_ZeroBias,150,9973,140149.904977,0.0936862227863
202299:3033,122:122,HLT_ZeroBias_v7,L1_ZeroBias,150,9973,144689.623067,0.096720895128
202299:3033,123:123,HLT_ZeroBias_v7,L1_ZeroBias,150,9973,151400.674428,0.101207041965
202299:3033,124:124,HLT_ZeroBias_v7,L1_ZeroBias,150,9973,152818.419648,0.102154764295
202299:3033,125:125,HLT_ZeroBias_v7,L1_ZeroBias,150,9973,149562.656859,0.0999783795306
202299:3033,126:126,HLT_ZeroBias_v7,L1_ZeroBias,150,9973,148921.342903,0.0995496794033
202299:3033,127:127,HLT_ZeroBias_v7,L1_ZeroBias,150,9973,150350.646355,0.100505128082
202299:3033,128:128,HLT_ZeroBias_v7,L1_ZeroBias,150,9973,150992.52084,0.100934202908
202299:3033,129:129,HLT_ZeroBias_v7,L1_ZeroBias,150,9973,148168.903535,0.0990466950999
202299:3033,130:130,HLT_ZeroBias_v7,L1_ZeroBias,150,9973,149840.314897,0.100163986027
202299:3033,131:131,HLT_ZeroBias_v7,L1_ZeroBias,150,9973,148599.520024,0.0993345499678
202299:3033,132:132,HLT_ZeroBias_v7,L1_ZeroBias,150,9973,150222.569724,0.1004195125
202299:3033,133:133,HLT_ZeroBias_v7,L1_ZeroBias,150,9973,149352.002392,0.0998375630151
202299:3033,134:134,HLT_ZeroBias_v7,L1_ZeroBias,150,9973,147802.714179,0.0988019079372
202299:3033,135:135,HLT_ZeroBias_v7,L1_ZeroBias,150,9973,151452.267982,0.101241530788
202299:3033,136:136,HLT_ZeroBias_v7,L1_ZeroBias,150,9973,149531.338449,0.0999574440653
202299:3033,137:137,HLT_ZeroBias_v7,L1_ZeroBias,150,9973,149761.52282,0.100111315766
202299:3033,138:138,HLT_ZeroBias_v7,L1_ZeroBias,150,9973,147850.6472,0.0988339497976
202299:3033,139:139,HLT_ZeroBias_v7,L1_ZeroBias,150,9973,148490.251564,0.0992615071117
202299:3033,140:140,HLT_ZeroBias_v7,L1_ZeroBias,150,9973,148496.613012,0.0992657595587
202299:3033,141:141,HLT_ZeroBias_v7,L1_ZeroBias,150,9973,147280.059448,0.0984525281247
202299:3033,143:143,HLT_ZeroBias_v7,L1_ZeroBias,150,9973,147879.657337,0.0988533422488
202299:3033,144:144,HLT_ZeroBias_v7,L1_ZeroBias,150,9973,148384.535504,0.0991908389343
202299:3033,145:145,HLT_ZeroBias_v7,L1_ZeroBias,150,9973,146635.918258,0.0980219380717
202299:3033,146:146,HLT_ZeroBias_v7,L1_ZeroBias,150,9973,150039.838779,0.100297362064
202299:3033,147:147,HLT_ZeroBias_v7,L1_ZeroBias,150,9973,149334.000012,0.0998255289364
202299:3033,148:148,HLT_ZeroBias_v7,L1_ZeroBias,150,9973,147578.654327,0.098652130303
202299:3033,149:149,HLT_ZeroBias_v7,L1_ZeroBias,150,9973,148102.383142,0.0990022281104
202299:3033,150:150,HLT_ZeroBias_v7,L1_ZeroBias,150,9973,145952.180517,0.0975648788506
202299:3033,151:151,HLT_ZeroBias_v7,L1_ZeroBias,150,9973,147907.793878,0.0988721507257
202299:3033,152:152,HLT_ZeroBias_v7,L1_ZeroBias,150,9973,145885.702065,0.097520439898
202299:3033,153:153,HLT_ZeroBias_v7,L1_ZeroBias,150,9973,147047.244248,0.0982968977894
202299:3033,154:154,HLT_ZeroBias_v7,L1_ZeroBias,150,9973,145861.276562,0.0975041121443
202299:3033,155:155,HLT_ZeroBias_v7,L1_ZeroBias,150,9973,144833.217831,0.096816884141
202299:3033,156:156,HLT_ZeroBias_v7,L1_ZeroBias,150,9973,147523.07853,0.0986149794648
202299:3033,157:157,HLT_ZeroBias_v7,L1_ZeroBias,150,9973,146422.170411,0.0978790537192
202299:3033,158:158,HLT_ZeroBias_v7,L1_ZeroBias,150,9973,145733.168992,0.0974184758795
202299:3033,159:159,HLT_ZeroBias_v7,L1_ZeroBias,150,9973,146828.952449,0.098150975934
202299:3033,160:160,HLT_ZeroBias_v7,L1_ZeroBias,150,9973,145499.01314,0.0972619493565
202299:3033,161:161,HLT_ZeroBias_v7,L1_ZeroBias,150,9973,147543.211977,0.0986284381007
202299:3033,162:162,HLT_ZeroBias_v7,L1_ZeroBias,150,9973,146887.659125,0.0981902196765
202299:3033,163:163,HLT_ZeroBias_v7,L1_ZeroBias,150,9973,143441.275337,0.0958864101986
202299:3033,164:164,HLT_ZeroBias_v7,L1_ZeroBias,150,9973,144418.166469,0.0965394341178
202299:3033,165:165,HLT_ZeroBias_v7,L1_ZeroBias,150,9973,143772.691487,0.0961079524628
202299:3033,166:166,HLT_ZeroBias_v7,L1_ZeroBias,150,9973,145163.368439,0.0970375804263
202299:3033,167:167,HLT_ZeroBias_v7,L1_ZeroBias,150,9973,144386.583444,0.0965183217649
202299:3033,168:168,HLT_ZeroBias_v7,L1_ZeroBias,150,9973,142781.305821,0.09544523936
202299:3033,169:169,HLT_ZeroBias_v7,L1_ZeroBias,150,9973,143350.017858,0.0958254071717
202299:3033,170:170,HLT_ZeroBias_v7,L1_ZeroBias,150,9973,143718.725988,0.096071878063
202299:3033,171:171,HLT_ZeroBias_v7,L1_ZeroBias,150,9973,143303.038549,0.0957940028402
202299:3033,172:172,HLT_ZeroBias_v7,L1_ZeroBias,150,9973,143441.856277,0.0958867985407
202299:3033,173:173,HLT_ZeroBias_v7,L1_ZeroBias,150,9973,144730.107675,0.0967479579362
202299:3033,174:174,HLT_ZeroBias_v7,L1_ZeroBias,150,9973,143587.107919,0.0959838951293
202299:3033,175:175,HLT_ZeroBias_v7,L1_ZeroBias,150,9973,142770.802615,0.0954382182659
202299:3033,176:176,HLT_ZeroBias_v7,L1_ZeroBias,150,9973,142662.274202,0.0953656701107
202299:3033,177:177,HLT_ZeroBias_v7,L1_ZeroBias,150,9973,141429.362999,0.0945415040602
202299:3033,178:178,HLT_ZeroBias_v7,L1_ZeroBias,150,9973,141282.915865,0.094443608319
202299:3033,179:179,HLT_ZeroBias_v7,L1_ZeroBias,150,9973,143692.571414,0.0960543944743
202299:3033,180:180,HLT_ZeroBias_v7,L1_ZeroBias,150,9973,142435.056278,0.0952137813951
202299:3033,181:181,HLT_ZeroBias_v7,L1_ZeroBias,150,9973,142317.700507,0.095135332402
202299:3033,182:182,HLT_ZeroBias_v7,L1_ZeroBias,150,9973,143068.822204,0.0956374358799
202299:3033,183:183,HLT_ZeroBias_v7,L1_ZeroBias,150,9973,141914.385602,0.0948657278664
202299:3033,184:184,HLT_ZeroBias_v7,L1_ZeroBias,150,9973,142205.921108,0.0950606110554
202299:3033,185:185,HLT_ZeroBias_v7,L1_ZeroBias,150,9973,142416.431085,0.0952013309835
202299:3033,186:186,HLT_ZeroBias_v7,L1_ZeroBias,150,9973,142621.751574,0.0953385818868
202299:3033,187:187,HLT_ZeroBias_v7,L1_ZeroBias,150,9973,140999.859683,0.0942543933175
202299:3033,188:188,HLT_ZeroBias_v7,L1_ZeroBias,150,9973,142036.400808,0.0949472915589
202299:3033,189:189,HLT_ZeroBias_v7,L1_ZeroBias,150,9973,141939.779255,0.0948827028007
202299:3033,190:190,HLT_ZeroBias_v7,L1_ZeroBias,150,9973,142298.603414,0.0951225665389
202299:3033,191:191,HLT_ZeroBias_v7,L1_ZeroBias,150,9973,140752.736787,0.0940891986946
202299:3033,192:192,HLT_ZeroBias_v7,L1_ZeroBias,150,9973,142507.724541,0.095262358061
202299:3033,193:193,HLT_ZeroBias_v7,L1_ZeroBias,150,9973,141485.225507,0.0945788465569
202299:3033,196:196,HLT_ZeroBias_v7,L1_ZeroBias,150,9973,140600.340002,0.0939873257807
202299:3033,197:197,HLT_ZeroBias_v7,L1_ZeroBias,150,9973,140953.997513,0.0942237357618
202299:3033,198:198,HLT_ZeroBias_v7,L1_ZeroBias,150,9973,142810.767755,0.0954649338245
202299:3033,199:199,HLT_ZeroBias_v7,L1_ZeroBias,150,9973,140599.626636,0.0939868489164
202299:3033,200:200,HLT_ZeroBias_v7,L1_ZeroBias,150,9973,141977.467848,0.0949078965528
202299:3033,201:201,HLT_ZeroBias_v7,L1_ZeroBias,150,9973,140579.060431,0.0939731009933
202299:3033,202:202,HLT_ZeroBias_v7,L1_ZeroBias,150,9973,140202.659282,0.0937214875375
202299:3033,203:203,HLT_ZeroBias_v7,L1_ZeroBias,150,9973,140564.991647,0.0939636964117
202299:3033,204:204,HLT_ZeroBias_v7,L1_ZeroBias,150,9973,141365.85227,0.0944990489452
202299:3033,205:205,HLT_ZeroBias_v7,L1_ZeroBias,150,9973,138371.509343,0.0924974159182
202299:3033,206:206,HLT_ZeroBias_v7,L1_ZeroBias,150,9973,142076.962889,0.0949744061561
202299:3033,207:207,HLT_ZeroBias_v7,L1_ZeroBias,150,9973,140298.516349,0.0937855652589
202299:3033,208:208,HLT_ZeroBias_v7,L1_ZeroBias,150,9973,139653.800862,0.0933545913048
202299:3033,209:209,HLT_ZeroBias_v7,L1_ZeroBias,150,9973,139670.033699,0.093365442494
202299:3033,210:210,HLT_ZeroBias_v7,L1_ZeroBias,150,9973,139242.758769,0.0930798213634
202299:3033,211:211,HLT_ZeroBias_v7,L1_ZeroBias,150,9973,138227.335114,0.0924010395496
202299:3033,212:212,HLT_ZeroBias_v7,L1_ZeroBias,150,9973,138792.546468,0.0927788672538
202299:3033,213:213,HLT_ZeroBias_v7,L1_ZeroBias,150,9973,138770.836826,0.0927643549761
202299:3033,214:214,HLT_ZeroBias_v7,L1_ZeroBias,150,9973,139526.47185,0.0932694754839
202299:3033,215:215,HLT_ZeroBias_v7,L1_ZeroBias,150,9973,139835.00878,0.0934757236403
202299:3033,216:216,HLT_ZeroBias_v7,L1_ZeroBias,150,9973,139136.177495,0.0930085748155
202299:3033,217:217,HLT_ZeroBias_v7,L1_ZeroBias,150,9973,139716.090908,0.0933962304274
202299:3033,218:218,HLT_ZeroBias_v7,L1_ZeroBias,150,9973,138543.102174,0.0926121208426
202299:3033,219:219,HLT_ZeroBias_v7,L1_ZeroBias,150,9973,138459.73178,0.0925563901069
202299:3033,220:220,HLT_ZeroBias_v7,L1_ZeroBias,150,9973,138183.245944,0.0923715671939
202299:3033,221:221,HLT_ZeroBias_v7,L1_ZeroBias,150,9973,138369.519167,0.0924960855426
202299:3033,222:222,HLT_ZeroBias_v7,L1_ZeroBias,150,9973,136343.299181,0.0911416151479
202299:3033,223:223,HLT_ZeroBias_v7,L1_ZeroBias,150,9973,118865.644601,0.0794583004785
202299:3033,224:224,HLT_ZeroBias_v7,L1_ZeroBias,150,9973,137170.254174,0.091694411026
202299:3033,225:225,HLT_ZeroBias_v7,L1_ZeroBias,150,9973,135471.678342,0.0905589614238
202299:3033,226:226,HLT_ZeroBias_v7,L1_ZeroBias,150,9973,136444.55172,0.0912092995886
202299:3033,227:227,HLT_ZeroBias_v7,L1_ZeroBias,150,9973,137213.748443,0.0917234857068
202299:3033,228:228,HLT_ZeroBias_v7,L1_ZeroBias,150,9973,136242.756398,0.0910744051594
202299:3033,229:229,HLT_ZeroBias_v7,L1_ZeroBias,150,9973,123146.267818,0.0823197752716
202299:3033,230:230,HLT_ZeroBias_v7,L1_ZeroBias,150,9973,137482.969294,0.0919034521839
202299:3033,231:231,HLT_ZeroBias_v7,L1_ZeroBias,150,9973,134990.258075,0.0902371456766
202299:3033,232:232,HLT_ZeroBias_v7,L1_ZeroBias,150,9973,133880.591138,0.0894953649108
202299:3033,233:233,HLT_ZeroBias_v7,L1_ZeroBias,150,9973,135437.496667,0.090536111947
202299:3033,234:234,HLT_ZeroBias_v7,L1_ZeroBias,150,9973,134268.589416,0.0897547307167
202299:3033,235:235,HLT_ZeroBias_v7,L1_ZeroBias,150,9973,134655.08366,0.0900130911197
202299:3033,236:236,HLT_ZeroBias_v7,L1_ZeroBias,150,9973,134125.1849,0.089658868879
202299:3033,237:237,HLT_ZeroBias_v7,L1_ZeroBias,150,9973,133965.322182,0.0895520052023
202299:3033,238:238,HLT_ZeroBias_v7,L1_ZeroBias,150,9973,133658.797793,0.0893471023719
202299:3033,239:239,HLT_ZeroBias_v7,L1_ZeroBias,150,9973,133534.815632,0.0892642238256
202299:3033,240:240,HLT_ZeroBias_v7,L1_ZeroBias,150,9973,132673.044128,0.0886881541014
202299:3033,241:241,HLT_ZeroBias_v7,L1_ZeroBias,150,9973,134608.33259,0.0899818393597
202299:3033,242:242,HLT_ZeroBias_v7,L1_ZeroBias,150,9973,131815.404202,0.0881148462193
202299:3033,243:243,HLT_ZeroBias_v7,L1_ZeroBias,150,9973,133077.429111,0.0889584739539
202299:3033,244:244,HLT_ZeroBias_v7,L1_ZeroBias,150,9973,134189.5369,0.0897018863601
202299:3033,245:245,HLT_ZeroBias_v7,L1_ZeroBias,150,9973,132909.24374,0.0888460468197
202299:3033,246:246,HLT_ZeroBias_v7,L1_ZeroBias,150,9973,131047.649173,0.0876016238331
202299:3033,247:247,HLT_ZeroBias_v7,L1_ZeroBias,150,9973,131099.687153,0.0876364097415
202299:3033,248:248,HLT_ZeroBias_v7,L1_ZeroBias,150,9973,132285.621273,0.0884291729489
202299:3033,249:249,HLT_ZeroBias_v7,L1_ZeroBias,150,9973,131306.37418,0.0877745741369
202299:3033,250:250,HLT_ZeroBias_v7,L1_ZeroBias,150,9973,131239.671774,0.087729985477
202299:3033,251:251,HLT_ZeroBias_v7,L1_ZeroBias,150,9973,131708.435717,0.0880433408314
202299:3033,252:252,HLT_ZeroBias_v7,L1_ZeroBias,150,9973,132579.556267,0.088625660127
202299:3033,253:253,HLT_ZeroBias_v7,L1_ZeroBias,150,9973,132524.045908,0.0885885530316
202299:3033,254:254,HLT_ZeroBias_v7,L1_ZeroBias,150,9973,130469.46983,0.0872151273976
202299:3033,255:255,HLT_ZeroBias_v7,L1_ZeroBias,150,9973,131768.814808,0.0880837025355
202299:3033,256:256,HLT_ZeroBias_v7,L1_ZeroBias,150,9973,129683.913133,0.0866900051023
202299:3033,257:257,HLT_ZeroBias_v7,L1_ZeroBias,150,9973,131842.675613,0.0881330763816
202299:3033,258:258,HLT_ZeroBias_v7,L1_ZeroBias,150,9973,130381.603768,0.0871563914356
202299:3033,259:259,HLT_ZeroBias_v7,L1_ZeroBias,150,9973,126772.203407,0.0847436100181
202299:3033,260:260,HLT_ZeroBias_v7,L1_ZeroBias,150,9973,128591.770424,0.0859599387843
202299:3033,261:261,HLT_ZeroBias_v7,L1_ZeroBias,150,9973,125034.805065,0.0835822086732
202299:3033,262:262,HLT_ZeroBias_v7,L1_ZeroBias,150,9973,123551.678793,0.0825907809709
202299:3033,263:263,HLT_ZeroBias_v7,L1_ZeroBias,150,9973,129998.116643,0.0869000412064
202299:3033,264:264,HLT_ZeroBias_v7,L1_ZeroBias,150,9973,130366.138853,0.0871460535801
202299:3033,265:265,HLT_ZeroBias_v7,L1_ZeroBias,150,9973,131496.208749,0.0879014731437
202299:3033,266:266,HLT_ZeroBias_v7,L1_ZeroBias,150,9973,131192.905482,0.0876987235413
202299:3033,267:267,HLT_ZeroBias_v7,L1_ZeroBias,150,9973,128521.019879,0.0859126440585
202299:3033,268:268,HLT_ZeroBias_v7,L1_ZeroBias,150,9973,130584.023615,0.0872917033425
202299:3033,269:269,HLT_ZeroBias_v7,L1_ZeroBias,150,9973,129806.395334,0.0867718809683
202299:3033,270:270,HLT_ZeroBias_v7,L1_ZeroBias,150,9973,130974.588761,0.0875527850269
202299:3033,271:271,HLT_ZeroBias_v7,L1_ZeroBias,150,9973,130768.859474,0.0874152608538
202299:3033,272:272,HLT_ZeroBias_v7,L1_ZeroBias,150,9973,130399.700503,0.0871684885877
202299:3033,273:273,HLT_ZeroBias_v7,L1_ZeroBias,150,9973,129878.880397,0.0868203351695
202299:3033,274:274,HLT_ZeroBias_v7,L1_ZeroBias,150,9973,129284.102538,0.0864227430985
202299:3033,275:275,HLT_ZeroBias_v7,L1_ZeroBias,150,9973,129366.279051,0.0864776757583
202299:3033,276:276,HLT_ZeroBias_v7,L1_ZeroBias,150,9973,130890.840243,0.0874968015258
202299:3033,277:277,HLT_ZeroBias_v7,L1_ZeroBias,150,9973,130415.448449,0.0871790156418
202299:3033,278:278,HLT_ZeroBias_v7,L1_ZeroBias,150,9973,127311.14498,0.0851038771218
202299:3033,279:279,HLT_ZeroBias_v7,L1_ZeroBias,150,9973,128784.084304,0.0860884951394
202299:3033,280:280,HLT_ZeroBias_v7,L1_ZeroBias,150,9973,113056.563003,0.0755750947581
202299:3033,281:281,HLT_ZeroBias_v7,L1_ZeroBias,150,9973,129342.842344,0.0864620089868
202299:3033,282:282,HLT_ZeroBias_v7,L1_ZeroBias,150,9973,130327.101381,0.0871199581407
202299:3033,283:283,HLT_ZeroBias_v7,L1_ZeroBias,150,9973,130143.834137,0.086997449204
202299:3033,284:284,HLT_ZeroBias_v7,L1_ZeroBias,150,9973,128744.471402,0.0860620150419
202299:3033,285:285,HLT_ZeroBias_v7,L1_ZeroBias,150,9973,129953.082125,0.0868699369127
202299:3033,286:286,HLT_ZeroBias_v7,L1_ZeroBias,150,9973,129686.14145,0.0866914946692
202299:3033,287:287,HLT_ZeroBias_v7,L1_ZeroBias,150,9973,128450.737061,0.0858656619949
202299:3033,288:288,HLT_ZeroBias_v7,L1_ZeroBias,150,9973,127216.916415,0.0850408880075
202299:3033,289:289,HLT_ZeroBias_v7,L1_ZeroBias,150,9973,112901.34143,0.0754713335538
202299:3033,290:290,HLT_ZeroBias_v7,L1_ZeroBias,150,9973,128436.579662,0.0858561981761
202299:3033,291:291,HLT_ZeroBias_v7,L1_ZeroBias,150,9973,128333.410756,0.0857872326987
202299:3033,292:292,HLT_ZeroBias_v7,L1_ZeroBias,150,9973,128407.01159,0.0858364327618
202299:3033,293:293,HLT_ZeroBias_v7,L1_ZeroBias,150,9973,127080.369577,0.0849496103323
202299:3033,294:294,HLT_ZeroBias_v7,L1_ZeroBias,150,9973,127259.649733,0.0850694540144
202299:3033,295:295,HLT_ZeroBias_v7,L1_ZeroBias,150,9973,128719.867923,0.0860455683167
202299:3033,296:296,HLT_ZeroBias_v7,L1_ZeroBias,150,9973,127891.581458,0.0854918823879
202299:3033,297:297,HLT_ZeroBias_v7,L1_ZeroBias,150,9973,127373.153414,0.0851453279952
202299:3033,298:298,HLT_ZeroBias_v7,L1_ZeroBias,150,9973,126724.627553,0.084711806914
202299:3033,299:299,HLT_ZeroBias_v7,L1_ZeroBias,150,9973,128652.937536,0.0860008272576
202299:3033,300:300,HLT_ZeroBias_v7,L1_ZeroBias,150,9973,127587.4153,0.0852885559679
202299:3033,301:301,HLT_ZeroBias_v7,L1_ZeroBias,150,9973,128342.621485,0.0857933898091
202299:3033,302:302,HLT_ZeroBias_v7,L1_ZeroBias,150,9973,111829.859912,0.0747550786539
202299:3033,303:303,HLT_ZeroBias_v7,L1_ZeroBias,150,9973,128646.449435,0.0859964901467
202299:3033,304:304,HLT_ZeroBias_v7,L1_ZeroBias,150,9973,126168.004302,0.0843397201126
202299:3033,305:305,HLT_ZeroBias_v7,L1_ZeroBias,150,9973,125732.036659,0.0840482881505
202299:3033,306:306,HLT_ZeroBias_v7,L1_ZeroBias,150,9973,126109.418476,0.0843005571552
202299:3033,307:307,HLT_ZeroBias_v7,L1_ZeroBias,150,9973,126619.690721,0.0846416596281
202299:3033,308:308,HLT_ZeroBias_v7,L1_ZeroBias,150,9973,124854.302364,0.0834615477551
202299:3033,309:309,HLT_ZeroBias_v7,L1_ZeroBias,150,9973,127420.434748,0.0851769342208
202299:3033,310:310,HLT_ZeroBias_v7,L1_ZeroBias,150,9973,126559.990718,0.0846017518752
202299:3033,311:311,HLT_ZeroBias_v7,L1_ZeroBias,150,9973,117953.747034,0.0788487229079
202299:3033,312:312,HLT_ZeroBias_v7,L1_ZeroBias,150,9973,125004.377858,0.0835618689512
202299:3033,313:313,HLT_ZeroBias_v7,L1_ZeroBias,150,9973,123793.899267,0.0827526984641
202299:3033,314:314,HLT_ZeroBias_v7,L1_ZeroBias,150,9973,127104.800441,0.08496594167
202299:3033,315:315,HLT_ZeroBias_v7,L1_ZeroBias,150,9973,124536.037474,0.0832487967341
202299:3033,316:316,HLT_ZeroBias_v7,L1_ZeroBias,150,9973,119204.024481,0.0796844977979
202299:3033,317:317,HLT_ZeroBias_v7,L1_ZeroBias,150,9973,124586.449223,0.0832824955535
202299:3033,318:318,HLT_ZeroBias_v7,L1_ZeroBias,150,9973,128116.732623,0.085642389534
202299:3033,319:319,HLT_ZeroBias_v7,L1_ZeroBias,150,9973,124609.097341,0.0832976351759
202299:3033,320:320,HLT_ZeroBias_v7,L1_ZeroBias,150,9973,94937.921597,0.0634632986377
202299:3033,321:321,HLT_ZeroBias_v7,L1_ZeroBias,150,9973,124932.949446,0.0835141210909
202299:3033,322:322,HLT_ZeroBias_v7,L1_ZeroBias,150,9973,124460.791861,0.0831984971834
202299:3033,323:323,HLT_ZeroBias_v7,L1_ZeroBias,150,9973,122958.003476,0.0821939259171
202299:3033,324:324,HLT_ZeroBias_v7,L1_ZeroBias,150,9973,125293.85507,0.0837553762288
202299:3033,325:325,HLT_ZeroBias_v7,L1_ZeroBias,150,9973,123831.616615,0.0827779114376
202299:3033,326:326,HLT_ZeroBias_v7,L1_ZeroBias,150,9973,124008.510288,0.0828961598233
202299:3033,327:327,HLT_ZeroBias_v7,L1_ZeroBias,150,9973,125096.06656,0.0836231602391
202299:3033,328:328,HLT_ZeroBias_v7,L1_ZeroBias,150,9973,124323.346373,0.0831066187861
202299:3033,329:329,HLT_ZeroBias_v7,L1_ZeroBias,150,9973,123203.819685,0.0823582470568
202299:3033,330:330,HLT_ZeroBias_v7,L1_ZeroBias,150,9973,124067.969399,0.0829359065473
202299:3033,331:331,HLT_ZeroBias_v7,L1_ZeroBias,150,9973,124303.967215,0.0830936643704
202299:3033,332:332,HLT_ZeroBias_v7,L1_ZeroBias,150,9973,124752.411461,0.0833934365863
202299:3033,333:333,HLT_ZeroBias_v7,L1_ZeroBias,150,9973,124120.553186,0.0829710573122
202299:3033,334:334,HLT_ZeroBias_v7,L1_ZeroBias,150,9973,123335.703739,0.0824464077938
202299:3033,335:335,HLT_ZeroBias_v7,L1_ZeroBias,150,9973,123898.118673,0.082822366171
202299:3033,336:336,HLT_ZeroBias_v7,L1_ZeroBias,150,9973,124098.34878,0.0829562142987
202299:3033,337:337,HLT_ZeroBias_v7,L1_ZeroBias,150,9973,123396.045731,0.0824867446979
202299:3033,338:338,HLT_ZeroBias_v7,L1_ZeroBias,150,9973,124659.749282,0.0833314945569
202299:3033,339:339,HLT_ZeroBias_v7,L1_ZeroBias,150,9973,123931.369725,0.0828445935526
202299:3033,340:340,HLT_ZeroBias_v7,L1_ZeroBias,150,9973,123613.13127,0.0826318602026
202299:3033,341:341,HLT_ZeroBias_v7,L1_ZeroBias,150,9973,121900.289704,0.0814868743637
202299:3033,342:342,HLT_ZeroBias_v7,L1_ZeroBias,150,9973,122558.529382,0.0819268888546
202299:3033,343:343,HLT_ZeroBias_v7,L1_ZeroBias,150,9973,124492.432947,0.0832196483486
202299:3033,344:344,HLT_ZeroBias_v7,L1_ZeroBias,150,9973,123509.511028,0.0825625930199
202299:3033,345:345,HLT_ZeroBias_v7,L1_ZeroBias,150,9973,124628.947688,0.0833109045677
202299:3033,346:346,HLT_ZeroBias_v7,L1_ZeroBias,150,9973,121960.122116,0.0815268706278
202299:3033,347:347,HLT_ZeroBias_v7,L1_ZeroBias,150,9973,122078.475162,0.081605986271
202299:3033,348:348,HLT_ZeroBias_v7,L1_ZeroBias,150,9973,121431.249302,0.0811733342035
202299:3033,349:349,HLT_ZeroBias_v7,L1_ZeroBias,150,9973,122931.632391,0.0821762975975
202299:3033,350:350,HLT_ZeroBias_v7,L1_ZeroBias,150,9973,124510.427796,0.0832316773933
202299:3033,351:351,HLT_ZeroBias_v7,L1_ZeroBias,150,9973,114307.857763,0.0764115496926
202299:3033,352:352,HLT_ZeroBias_v7,L1_ZeroBias,150,9973,122149.828538,0.0816536839717
202299:3033,353:353,HLT_ZeroBias_v7,L1_ZeroBias,150,9973,122412.818841,0.0818294855052
202299:3033,354:354,HLT_ZeroBias_v7,L1_ZeroBias,150,9973,120876.071953,0.080802213946
202299:3033,355:355,HLT_ZeroBias_v7,L1_ZeroBias,150,9973,121808.714855,0.081425659183
202299:3033,356:356,HLT_ZeroBias_v7,L1_ZeroBias,150,9973,121953.800481,0.081522644795
202299:3033,357:357,HLT_ZeroBias_v7,L1_ZeroBias,150,9973,122541.915666,0.0819157830581
202299:3033,358:358,HLT_ZeroBias_v7,L1_ZeroBias,150,9973,123501.4416,0.082557198837
202299:3033,361:361,HLT_ZeroBias_v7,L1_ZeroBias,150,9973,119503.99664,0.079885020649
202299:3033,362:362,HLT_ZeroBias_v7,L1_ZeroBias,150,9973,120707.21286,0.0806893364483
202299:3033,363:363,HLT_ZeroBias_v7,L1_ZeroBias,150,9973,122222.614032,0.081702339003
202299:3033,364:364,HLT_ZeroBias_v7,L1_ZeroBias,150,9973,121258.284331,0.0810577120433
202299:3033,365:365,HLT_ZeroBias_v7,L1_ZeroBias,150,9973,120751.133872,0.0807186963952
202299:3033,366:366,HLT_ZeroBias_v7,L1_ZeroBias,150,9973,121691.740608,0.081347465228
202299:3033,367:367,HLT_ZeroBias_v7,L1_ZeroBias,150,9973,117698.04952,0.0786777963968
202299:3033,368:368,HLT_ZeroBias_v7,L1_ZeroBias,150,9973,109049.770422,0.0728966679516
202299:3033,369:369,HLT_ZeroBias_v7,L1_ZeroBias,150,9973,121764.561134,0.0813961436769
202299:3033,370:370,HLT_ZeroBias_v7,L1_ZeroBias,150,9973,121618.563982,0.0812985487363
202299:3033,371:371,HLT_ZeroBias_v7,L1_ZeroBias,150,9973,119713.109872,0.0800248068934
202299:3033,372:372,HLT_ZeroBias_v7,L1_ZeroBias,150,9973,120782.817318,0.0807398758771
202299:3033,373:373,HLT_ZeroBias_v7,L1_ZeroBias,150,9973,119453.126934,0.0798510156982
202299:3033,374:374,HLT_ZeroBias_v7,L1_ZeroBias,150,9973,120410.687662,0.0804911177929
202299:3033,375:375,HLT_ZeroBias_v7,L1_ZeroBias,150,9973,120836.085336,0.0807754840311
202299:3033,376:376,HLT_ZeroBias_v7,L1_ZeroBias,150,9973,120571.02327,0.0805982975835
202299:3033,377:377,HLT_ZeroBias_v7,L1_ZeroBias,150,9973,121030.951037,0.0809057462063
202299:3033,378:378,HLT_ZeroBias_v7,L1_ZeroBias,150,9973,120540.892189,0.0805781558136
202299:3033,379:379,HLT_ZeroBias_v7,L1_ZeroBias,150,9973,119127.665569,0.0796334540388
202299:3033,382:382,HLT_ZeroBias_v7,L1_ZeroBias,150,9973,118555.642691,0.0792510730244
202299:3033,383:383,HLT_ZeroBias_v7,L1_ZeroBias,150,9973,119154.448108,0.0796513574037
202299:3033,384:384,HLT_ZeroBias_v7,L1_ZeroBias,150,9973,121025.292346,0.0809019635325
202299:3033,385:385,HLT_ZeroBias_v7,L1_ZeroBias,150,9973,119864.663948,0.0801261164798
202299:3033,386:386,HLT_ZeroBias_v7,L1_ZeroBias,150,9973,120161.812387,0.0803247517542
202299:3033,387:387,HLT_ZeroBias_v7,L1_ZeroBias,150,9973,117435.743908,0.0785024525606
202299:3033,388:388,HLT_ZeroBias_v7,L1_ZeroBias,150,9973,118919.524652,0.0794943177592
202299:3033,389:389,HLT_ZeroBias_v7,L1_ZeroBias,150,9973,93900.1965312,0.062769608965
202299:3033,390:390,HLT_ZeroBias_v7,L1_ZeroBias,150,9973,119318.925465,0.0797613058357
202299:3033,391:391,HLT_ZeroBias_v7,L1_ZeroBias,150,9973,119278.467076,0.0797342605545
202299:3033,392:392,HLT_ZeroBias_v7,L1_ZeroBias,150,9973,118804.399079,0.0794173595899
202299:3033,393:393,HLT_ZeroBias_v7,L1_ZeroBias,150,9973,119731.206267,0.0800369038186
202299:3033,394:394,HLT_ZeroBias_v7,L1_ZeroBias,150,9973,119308.830754,0.079754557809
202299:3033,395:395,HLT_ZeroBias_v7,L1_ZeroBias,150,9973,117359.490067,0.078451479038
202299:3033,396:396,HLT_ZeroBias_v7,L1_ZeroBias,150,9973,118242.478622,0.0790417317573
202299:3033,397:397,HLT_ZeroBias_v7,L1_ZeroBias,150,9973,118451.058187,0.0791811612601
202299:3033,398:398,HLT_ZeroBias_v7,L1_ZeroBias,150,9973,118529.949441,0.0792338978184
202299:3033,399:399,HLT_ZeroBias_v7,L1_ZeroBias,150,9973,117846.249068,0.0787768635773
202299:3033,400:400,HLT_ZeroBias_v7,L1_ZeroBias,150,9973,113766.05266,0.0760493684013
202299:3033,401:401,HLT_ZeroBias_v7,L1_ZeroBias,150,9973,119177.497037,0.0796667649569
202299:3033,402:402,HLT_ZeroBias_v7,L1_ZeroBias,150,9973,117903.485323,0.0788151243844
202299:3033,403:403,HLT_ZeroBias_v7,L1_ZeroBias,150,9973,117524.536664,0.0785618079907
202299:3033,404:404,HLT_ZeroBias_v7,L1_ZeroBias,150,9973,117567.832064,0.0785907497337
202299:3033,405:405,HLT_ZeroBias_v7,L1_ZeroBias,150,9973,117559.742499,0.0785853420894
202299:3033,406:406,HLT_ZeroBias_v7,L1_ZeroBias,150,9973,117411.45313,0.0784862148671
202299:3033,407:407,HLT_ZeroBias_v7,L1_ZeroBias,150,9973,116828.747171,0.0780966925173
202299:3033,408:408,HLT_ZeroBias_v7,L1_ZeroBias,150,9973,117443.053281,0.0785073386686
202299:3033,409:409,HLT_ZeroBias_v7,L1_ZeroBias,150,9973,117558.383497,0.0785844336357
202299:3033,410:410,HLT_ZeroBias_v7,L1_ZeroBias,150,9973,117709.857126,0.0786856894452
202299:3033,411:411,HLT_ZeroBias_v7,L1_ZeroBias,150,9973,117423.898884,0.078494534499
202299:3033,412:412,HLT_ZeroBias_v7,L1_ZeroBias,150,9973,116381.303402,0.0777975890918
202299:3033,413:413,HLT_ZeroBias_v7,L1_ZeroBias,150,9973,117173.385433,0.0783270733866
202299:3033,414:414,HLT_ZeroBias_v7,L1_ZeroBias,150,9973,116924.541818,0.0781607285121
202299:3033,416:416,HLT_ZeroBias_v7,L1_ZeroBias,150,9973,116236.592419,0.0777008539181
202299:3033,417:417,HLT_ZeroBias_v7,L1_ZeroBias,150,9973,115947.033204,0.0775072918242
202299:3033,418:418,HLT_ZeroBias_v7,L1_ZeroBias,150,9973,118401.265976,0.0791478765843
202299:3033,419:419,HLT_ZeroBias_v7,L1_ZeroBias,150,9973,116941.423152,0.0781720132038
202299:3033,420:420,HLT_ZeroBias_v7,L1_ZeroBias,150,9973,116824.004791,0.0780935223713
202299:3033,421:421,HLT_ZeroBias_v7,L1_ZeroBias,150,9973,117457.963303,0.0785173055937
202299:3033,422:422,HLT_ZeroBias_v7,L1_ZeroBias,150,9973,117734.300472,0.0787020291268
202299:3033,423:423,HLT_ZeroBias_v7,L1_ZeroBias,150,9973,116052.202464,0.0775775944811
202299:3033,424:424,HLT_ZeroBias_v7,L1_ZeroBias,150,9973,117119.156177,0.0782908226725
202299:3033,425:425,HLT_ZeroBias_v7,L1_ZeroBias,150,9973,116733.575646,0.0780330730612
202299:3033,426:426,HLT_ZeroBias_v7,L1_ZeroBias,150,9973,115238.345159,0.0770335540353
202299:3033,427:427,HLT_ZeroBias_v7,L1_ZeroBias,150,9973,116432.963771,0.0778321225782
202299:3033,428:428,HLT_ZeroBias_v7,L1_ZeroBias,150,9973,117170.137392,0.0783249021637
202299:3033,429:429,HLT_ZeroBias_v7,L1_ZeroBias,150,9973,116861.47138,0.0781185677197
202299:3033,430:430,HLT_ZeroBias_v7,L1_ZeroBias,150,9973,116944.155333,0.078173839589
202299:3033,431:431,HLT_ZeroBias_v7,L1_ZeroBias,150,9973,116996.605465,0.0782089010093
202299:3033,432:432,HLT_ZeroBias_v7,L1_ZeroBias,150,9973,115167.844565,0.0769864263947
202299:3033,433:433,HLT_ZeroBias_v7,L1_ZeroBias,150,9973,114830.38038,0.0767608411915
202299:3033,434:434,HLT_ZeroBias_v7,L1_ZeroBias,150,9973,115264.04676,0.0770507348244
202299:3033,435:435,HLT_ZeroBias_v7,L1_ZeroBias,150,9973,104071.084013,0.0695685577812
202299:3033,436:436,HLT_ZeroBias_v7,L1_ZeroBias,150,9973,116131.85805,0.0776308419731
202299:3033,437:437,HLT_ZeroBias_v7,L1_ZeroBias,150,9973,117100.59755,0.0782784167585
202299:3033,438:438,HLT_ZeroBias_v7,L1_ZeroBias,150,9973,116850.80618,0.078111438337
202299:3033,439:439,HLT_ZeroBias_v7,L1_ZeroBias,150,9973,116427.608676,0.0778285428499
202299:3033,440:440,HLT_ZeroBias_v7,L1_ZeroBias,150,9973,113820.256178,0.0760856019103
202299:3033,441:441,HLT_ZeroBias_v7,L1_ZeroBias,150,9973,114263.07971,0.0763816168388
202299:3033,442:442,HLT_ZeroBias_v7,L1_ZeroBias,150,9973,114554.938081,0.0765767158538
202299:3033,443:443,HLT_ZeroBias_v7,L1_ZeroBias,150,9973,115086.6498,0.0769321500048
202299:3033,444:444,HLT_ZeroBias_v7,L1_ZeroBias,150,9973,114586.131114,0.0765975675084
202299:3033,445:445,HLT_ZeroBias_v7,L1_ZeroBias,150,9973,114425.950152,0.076490491094
202299:3033,446:446,HLT_ZeroBias_v7,L1_ZeroBias,150,9973,114344.86769,0.0764362897757
202299:3033,447:447,HLT_ZeroBias_v7,L1_ZeroBias,150,9973,115166.922063,0.0769858097282
202299:3033,448:448,HLT_ZeroBias_v7,L1_ZeroBias,150,9973,114129.979048,0.0762926428346
202299:3033,449:449,HLT_ZeroBias_v7,L1_ZeroBias,150,9973,113496.192233,0.0758689743864
202299:3033,450:450,HLT_ZeroBias_v7,L1_ZeroBias,150,9973,107626.721266,0.0719454000908
202299:3033,451:451,HLT_ZeroBias_v7,L1_ZeroBias,150,9973,114167.768871,0.0763179042556
202299:3033,452:452,HLT_ZeroBias_v7,L1_ZeroBias,150,9973,113657.141114,0.0759765641327
202299:3033,455:455,HLT_ZeroBias_v7,L1_ZeroBias,150,9973,114066.22566,0.0762500255087
202299:3033,456:456,HLT_ZeroBias_v7,L1_ZeroBias,150,9973,113979.541307,0.0761920794858
202299:3033,457:457,HLT_ZeroBias_v7,L1_ZeroBias,150,9973,113479.645666,0.0758579134774
202299:3033,458:458,HLT_ZeroBias_v7,L1_ZeroBias,150,9973,113077.23222,0.0755889115408
202299:3033,459:459,HLT_ZeroBias_v7,L1_ZeroBias,150,9973,113639.027356,0.0759644556005
202299:3033,460:460,HLT_ZeroBias_v7,L1_ZeroBias,150,9973,112730.157168,0.0753569017466
202299:3033,461:461,HLT_ZeroBias_v7,L1_ZeroBias,150,9973,112863.001369,0.075445704314
202299:3033,462:462,HLT_ZeroBias_v7,L1_ZeroBias,150,9973,114150.089695,0.0763060862298
202299:3033,463:463,HLT_ZeroBias_v7,L1_ZeroBias,150,9973,114145.459776,0.0763029912604
202299:3033,464:464,HLT_ZeroBias_v7,L1_ZeroBias,150,9973,112211.409581,0.0750101337483
202299:3033,465:465,HLT_ZeroBias_v7,L1_ZeroBias,150,9973,109791.380648,0.0733924132813
202299:3033,466:466,HLT_ZeroBias_v7,L1_ZeroBias,150,9973,113231.323483,0.0756919171653
202299:3033,467:467,HLT_ZeroBias_v7,L1_ZeroBias,150,9973,112848.224881,0.0754358266527
202299:3033,468:468,HLT_ZeroBias_v7,L1_ZeroBias,150,9973,113663.614213,0.0759808912151
202299:3033,469:469,HLT_ZeroBias_v7,L1_ZeroBias,150,9973,113608.141316,0.0759438091622
202299:3033,470:470,HLT_ZeroBias_v7,L1_ZeroBias,150,9973,111281.644667,0.0743886123644
202299:3033,471:471,HLT_ZeroBias_v7,L1_ZeroBias,150,9973,113288.107345,0.0757298755604
202299:3033,472:472,HLT_ZeroBias_v7,L1_ZeroBias,150,9973,112351.882176,0.0751040356806
202299:3033,473:473,HLT_ZeroBias_v7,L1_ZeroBias,150,9973,113213.937954,0.075680295434
202299:3033,474:474,HLT_ZeroBias_v7,L1_ZeroBias,150,9973,66225.8415703,0.0442700902907
202299:3033,475:475,HLT_ZeroBias_v7,L1_ZeroBias,150,9973,113772.898465,0.0760539446272
202299:3033,476:476,HLT_ZeroBias_v7,L1_ZeroBias,150,9973,111722.238936,0.0746831370944
202299:3033,477:477,HLT_ZeroBias_v7,L1_ZeroBias,150,9973,112185.396895,0.0749927450079
202299:3033,478:478,HLT_ZeroBias_v7,L1_ZeroBias,150,9973,112579.668975,0.0752563046723
202299:3033,479:479,HLT_ZeroBias_v7,L1_ZeroBias,150,9973,111838.117702,0.0747605987516
202299:3033,480:480,HLT_ZeroBias_v7,L1_ZeroBias,150,9973,113367.561457,0.0757829883736
202299:3033,481:481,HLT_ZeroBias_v7,L1_ZeroBias,150,9973,111193.134222,0.0743294456514
202299:3033,482:482,HLT_ZeroBias_v7,L1_ZeroBias,150,9973,111765.000886,0.0747117222409
202299:3033,483:483,HLT_ZeroBias_v7,L1_ZeroBias,150,9973,111079.953739,0.0742537877198
202299:3033,484:484,HLT_ZeroBias_v7,L1_ZeroBias,150,9973,111194.501548,0.0743303596701
202299:3033,485:485,HLT_ZeroBias_v7,L1_ZeroBias,150,9973,111225.726192,0.0743512324559
202299:3033,486:486,HLT_ZeroBias_v7,L1_ZeroBias,150,9973,109611.863864,0.0732724114201
202299:3033,487:487,HLT_ZeroBias_v7,L1_ZeroBias,150,9973,101113.325154,0.0675913801622
202299:3033,488:488,HLT_ZeroBias_v7,L1_ZeroBias,150,9973,111222.158522,0.0743488475694
202299:3033,489:489,HLT_ZeroBias_v7,L1_ZeroBias,150,9973,112857.137479,0.075441784471
202299:3033,490:490,HLT_ZeroBias_v7,L1_ZeroBias,150,9973,113425.769659,0.0758218988998
202299:3033,491:491,HLT_ZeroBias_v7,L1_ZeroBias,150,9973,110110.364383,0.07360564483
202299:3033,492:492,HLT_ZeroBias_v7,L1_ZeroBias,150,9973,112115.133454,0.0749457758974
202299:3033,493:493,HLT_ZeroBias_v7,L1_ZeroBias,150,9973,110647.787778,0.0739648970738
202299:3033,494:494,HLT_ZeroBias_v7,L1_ZeroBias,150,9973,111936.103614,0.0748260995447
202299:3033,495:495,HLT_ZeroBias_v7,L1_ZeroBias,150,9973,110080.711795,0.0735858229186
202299:3033,496:496,HLT_ZeroBias_v7,L1_ZeroBias,150,9973,109925.500424,0.0734820685346
202299:3033,497:497,HLT_ZeroBias_v7,L1_ZeroBias,150,9973,111681.9858,0.0746562290181
202299:3033,498:498,HLT_ZeroBias_v7,L1_ZeroBias,150,9973,109460.163384,0.0731710039667
202299:3033,499:499,HLT_ZeroBias_v7,L1_ZeroBias,150,9973,110597.542048,0.0739313092334
202299:3033,500:500,HLT_ZeroBias_v7,L1_ZeroBias,150,9973,109485.939057,0.0731882342708
202299:3033,501:501,HLT_ZeroBias_v7,L1_ZeroBias,150,9973,108446.450351,0.0724933656548
202299:3033,502:502,HLT_ZeroBias_v7,L1_ZeroBias,150,9973,111629.085277,0.0746208665241
202299:3033,503:503,HLT_ZeroBias_v7,L1_ZeroBias,150,9973,110761.919591,0.0740411909432
202299:3033,504:504,HLT_ZeroBias_v7,L1_ZeroBias,150,9973,111304.450534,0.0744038574379
202299:3033,505:505,HLT_ZeroBias_v7,L1_ZeroBias,150,9973,110703.885674,0.074002396921
202299:3033,506:506,HLT_ZeroBias_v7,L1_ZeroBias,150,9973,95377.7900276,0.0637573381648
202299:3033,507:507,HLT_ZeroBias_v7,L1_ZeroBias,150,9973,109529.954278,0.0732176571931
202299:3033,508:508,HLT_ZeroBias_v7,L1_ZeroBias,150,9973,110855.315407,0.0741036233875
202299:3033,509:509,HLT_ZeroBias_v7,L1_ZeroBias,150,9973,109795.268973,0.0733950125155
202299:3033,510:510,HLT_ZeroBias_v7,L1_ZeroBias,150,9973,109552.089981,0.0732324542808
202299:3033,511:511,HLT_ZeroBias_v7,L1_ZeroBias,150,9973,110252.342233,0.0737005529818
202299:3033,512:512,HLT_ZeroBias_v7,L1_ZeroBias,150,9973,110631.573496,0.0739540582883
202299:3033,513:513,HLT_ZeroBias_v7,L1_ZeroBias,150,9973,109875.709825,0.0734487849359
202299:3033,514:514,HLT_ZeroBias_v7,L1_ZeroBias,150,9973,108300.324971,0.0723956849969
202299:3033,515:515,HLT_ZeroBias_v7,L1_ZeroBias,150,9973,110084.788704,0.0735885482161
202299:3033,516:516,HLT_ZeroBias_v7,L1_ZeroBias,150,9973,108713.746787,0.0726720457149
202299:3033,517:517,HLT_ZeroBias_v7,L1_ZeroBias,150,9973,108805.589342,0.0727334398492
202299:3033,518:518,HLT_ZeroBias_v7,L1_ZeroBias,150,9973,110223.828436,0.0736814923201
202299:3033,519:519,HLT_ZeroBias_v7,L1_ZeroBias,150,9973,109924.462959,0.0734813750183
202299:3033,520:520,HLT_ZeroBias_v7,L1_ZeroBias,150,9973,109408.512034,0.0731364765091
202299:3033,521:521,HLT_ZeroBias_v7,L1_ZeroBias,150,9973,107991.422637,0.0721891925779
202299:3033,522:522,HLT_ZeroBias_v7,L1_ZeroBias,150,9973,108017.25283,0.0722064593267
202299:3033,523:523,HLT_ZeroBias_v7,L1_ZeroBias,150,9973,109006.177782,0.0728675275122
202299:3033,524:524,HLT_ZeroBias_v7,L1_ZeroBias,150,9973,107750.951744,0.0720284446301
202299:3033,525:525,HLT_ZeroBias_v7,L1_ZeroBias,150,9973,108850.030655,0.0727631476021
202299:3033,526:526,HLT_ZeroBias_v7,L1_ZeroBias,150,9973,108183.935905,0.0723178822184
202299:3033,527:527,HLT_ZeroBias_v7,L1_ZeroBias,150,9973,109730.892358,0.0733519785811
202299:3033,528:528,HLT_ZeroBias_v7,L1_ZeroBias,150,9973,108996.100235,0.0728607909586
202299:3033,529:529,HLT_ZeroBias_v7,L1_ZeroBias,150,9973,108462.522689,0.0725041095549
202299:3033,530:530,HLT_ZeroBias_v7,L1_ZeroBias,150,9973,108104.473453,0.0722647638311
202299:3033,531:531,HLT_ZeroBias_v7,L1_ZeroBias,150,9973,107970.598674,0.0721752723511
202299:3033,532:532,HLT_ZeroBias_v7,L1_ZeroBias,150,9973,107452.294702,0.0718288008974
202299:3033,533:533,HLT_ZeroBias_v7,L1_ZeroBias,150,9973,107924.208622,0.0721442619217
202299:3033,534:534,HLT_ZeroBias_v7,L1_ZeroBias,150,9973,108358.705258,0.0724347105572
202299:3033,535:535,HLT_ZeroBias_v7,L1_ZeroBias,150,9973,107795.630744,0.0720583112695
202299:3033,536:536,HLT_ZeroBias_v7,L1_ZeroBias,150,9973,97465.6148805,0.065152989659
202299:3033,537:537,HLT_ZeroBias_v7,L1_ZeroBias,150,9973,105033.604896,0.0702119755978
202299:3033,538:538,HLT_ZeroBias_v7,L1_ZeroBias,150,9973,98751.8979045,0.0660128332528
202299:3033,539:539,HLT_ZeroBias_v7,L1_ZeroBias,150,9973,107361.474042,0.0717680898705
202299:3033,540:540,HLT_ZeroBias_v7,L1_ZeroBias,150,9973,107694.364675,0.0719906177847
202299:3033,541:541,HLT_ZeroBias_v7,L1_ZeroBias,150,9973,105826.173549,0.070741785186
202299:3033,542:542,HLT_ZeroBias_v7,L1_ZeroBias,150,9973,108231.714655,0.0723498209533
202299:3033,543:543,HLT_ZeroBias_v7,L1_ZeroBias,150,9973,96235.6647102,0.0643308029748
202299:3033,544:544,HLT_ZeroBias_v7,L1_ZeroBias,150,9973,107348.871613,0.0717596655055
202299:3033,545:545,HLT_ZeroBias_v7,L1_ZeroBias,150,9973,102157.956653,0.0682896865893
202299:3033,546:546,HLT_ZeroBias_v7,L1_ZeroBias,150,9973,106888.04326,0.0714516148668
202299:3033,547:547,HLT_ZeroBias_v7,L1_ZeroBias,150,9973,106954.616901,0.0714961174509
202299:3033,548:548,HLT_ZeroBias_v7,L1_ZeroBias,150,9973,107227.36398,0.0716784411107
202299:3033,549:549,HLT_ZeroBias_v7,L1_ZeroBias,150,9973,106992.022806,0.0715211222344
202299:3033,550:550,HLT_ZeroBias_v7,L1_ZeroBias,150,9973,107130.306889,0.071613561208
202299:3033,551:551,HLT_ZeroBias_v7,L1_ZeroBias,150,9973,106887.22594,0.0714510685114
202299:3033,552:552,HLT_ZeroBias_v7,L1_ZeroBias,150,9973,107498.1936,0.071859483004
202299:3033,553:553,HLT_ZeroBias_v7,L1_ZeroBias,150,9973,107290.563459,0.0717206881639
202299:3033,554:554,HLT_ZeroBias_v7,L1_ZeroBias,150,9973,106287.828289,0.0710503882411
202299:3033,555:555,HLT_ZeroBias_v7,L1_ZeroBias,150,9973,104780.225334,0.0700425985723
